date,open,high,low,close,volume
2020-01-02,100,101.0052,99.6729,100.6759,580600
2020-01-03,100.6759,100.9419,100.5938,100.8597,155634
2020-01-06,100.8597,101.301,99.5626,100.0002,875084
2020-01-07,100.0002,100.2804,99.1819,99.4606,532038
2020-01-08,99.4606,99.9637,99.2997,99.8022,387498
2020-01-09,99.8022,100.6431,97.3266,98.1536,1782752
2020-01-10,98.1536,98.9525,95.8011,96.5873,1830088
2020-01-13,96.5873,99.8249,95.5301,98.7441,2248791
2020-01-14,98.7441,99.2895,97.1386,97.6782,1046682
2020-01-15,97.6782,101.4947,96.4339,100.2181,2283599
2020-01-16,100.2181,100.3297,99.903,100.0144,209656
2020-01-17,100.0144,100.299,99.1831,99.4661,664245
2020-01-20,99.4661,100.2059,99.2267,99.9653,575069
2020-01-21,99.9653,101.1643,99.5743,100.77,825621
2020-01-22,100.77,101.2055,100.6317,101.0667,302963
2020-01-23,101.0667,107.3153,99.0456,105.2113,4048245
2020-01-24,105.2113,106.6078,104.7553,106.1478,854118
2020-01-27,106.1478,106.8272,104.1468,104.8178,1012919
2020-01-28,104.8178,106.0341,101.2445,102.4331,2011265
2020-01-29,102.4331,104.0375,101.9086,103.5075,919200
2020-01-30,103.5075,104.6133,100.2561,101.3388,2326892
2020-01-31,101.3388,101.7284,100.1952,100.5819,884262
2020-02-03,100.5819,103.7903,99.5338,102.72,2200281
2020-02-04,102.72,103.2006,101.3067,101.7829,888029
2020-02-05,101.7829,105.0703,100.7092,103.9734,1863139
2020-02-06,103.9734,106.8145,103.0445,105.8686,1600908
2020-02-07,105.8686,106.2362,105.7531,106.1204,255360
2020-02-10,106.1204,107.2196,105.7625,106.8592,775025
2020-02-11,106.8592,111.1129,105.4727,109.6897,2415009
2020-02-12,109.6897,112.2991,108.8361,111.4319,1399407
2020-02-13,111.4319,113.0305,110.9096,112.5032,913396
2020-02-14,112.5032,113.3137,110.116,110.9152,1189601
2020-02-17,110.9152,112.1176,110.5234,111.723,782340
2020-02-18,111.723,112.843,108.4283,109.5264,1826710
2020-02-19,109.5264,109.9796,108.1951,108.6447,752911
2020-02-20,108.6447,108.7258,108.4225,108.5036,123871
2020-02-21,108.5036,108.7581,107.7632,108.0166,412561
2020-02-24,108.0166,108.0752,108.004,108.0626,27394
2020-02-25,108.0626,111.323,106.9971,110.2361,1806379
2020-02-26,110.2361,112.8321,109.3868,111.9695,1796879
2020-02-27,111.9695,112.5645,110.2182,110.8071,1227913
2020-02-28,110.8071,114.0452,109.7486,112.9662,1868460
2020-03-02,112.9662,113.5897,111.1307,111.7475,993608
2020-03-03,111.7475,112.3624,109.9378,110.546,1296305
2020-03-04,110.546,111.2748,108.3998,109.1191,1237848
2020-03-05,109.1191,109.3559,108.4317,108.6675,451791
2020-03-06,108.6675,110.8466,107.9546,110.1241,1167395
2020-03-09,110.1241,111.2611,109.7539,110.8884,722652
2020-03-10,110.8884,110.9235,110.8046,110.8397,61473
2020-03-11,110.8397,113.762,109.8839,112.7895,1641311
2020-03-12,112.7895,115.5873,111.8743,114.6569,1666877
2020-03-13,114.6569,115.8794,111.0627,112.2596,2245257
2020-03-16,112.2596,113.2894,111.925,112.9527,676929
2020-03-17,112.9527,113.9206,112.6385,113.6047,623943
2020-03-18,113.6047,114.2865,111.5969,112.2708,1198447
2020-03-19,112.2708,112.856,110.5488,111.128,1136444
2020-03-20,111.128,111.7358,110.9331,111.5401,291923
2020-03-23,111.5401,112.1991,109.6,110.2514,1202586
2020-03-24,110.2514,110.4631,109.6389,109.8499,354245
2020-03-25,109.8499,112.5601,108.9633,111.659,1694773
2020-03-26,111.659,111.8532,111.6015,111.7956,134887
2020-03-27,111.7956,112.2764,110.3829,110.8596,735842
2020-03-30,110.8596,113.1563,110.1082,112.3945,1171653
2020-03-31,112.3945,114.4178,111.7326,113.748,1290944
2020-04-01,113.748,117.2195,112.6136,116.062,1764521
2020-04-02,116.062,116.2866,115.4124,115.6361,387548
2020-04-03,115.6361,115.9619,114.6846,115.0086,624463
2020-04-06,115.0086,115.3327,114.0622,114.3845,639154
2020-04-07,114.3845,114.816,113.1182,113.5466,644049
2020-04-08,113.5466,113.9692,113.4132,113.8355,240876
2020-04-09,113.8355,115.0794,110.1792,111.3964,2147257
2020-04-10,111.3964,111.5286,111.0217,111.1536,233891
2020-04-13,111.1536,111.8098,109.2216,109.8702,1202876
2020-04-14,109.8702,111.6405,109.2914,111.0554,1106697
2020-04-15,111.0554,117.5503,108.952,115.3653,3627116
2020-04-16,115.3653,115.5497,115.3113,115.4957,89229
2020-04-17,115.4957,115.8872,114.3485,114.7374,644227
2020-04-20,114.7374,116.0882,114.2969,115.6442,678158
2020-04-21,115.6442,116.6124,112.7938,113.7461,1690410
2020-04-22,113.7461,115.248,109.34,110.8031,2806629
2020-04-23,110.8031,111.7917,110.482,111.4686,492049
2020-04-24,111.4686,111.5909,111.1238,111.2459,236778
2020-04-27,111.2459,115.7254,109.786,114.2264,2946240
2020-04-28,114.2264,115.5162,113.8059,115.0926,859693
2020-04-29,115.0926,115.6472,113.4613,114.0107,1048606
2020-04-30,114.0107,114.4886,112.6069,113.0809,677605
2020-05-01,113.0809,114.0023,110.3676,111.2744,1406544
2020-05-04,111.2744,115.0839,110.0307,113.8119,2267507
2020-05-05,113.8119,113.8401,113.7491,113.7774,32174
2020-05-06,113.7774,114.2952,112.2551,112.7683,751985
2020-05-07,112.7683,112.9561,112.713,112.9008,105380
2020-05-08,112.9008,114.2075,112.4747,113.7781,638507
2020-05-11,113.7781,115.0168,113.3746,114.6103,819398
2020-05-12,114.6103,115.0615,113.2854,113.7332,717035
2020-05-13,113.7332,115.5048,108.5486,110.2661,2814252
2020-05-14,110.2661,115.0647,108.7038,113.4572,3323846
2020-05-15,113.4572,113.6217,112.9865,113.1506,237811
2020-05-18,113.1506,116.3431,112.1068,115.2797,1762469
2020-05-19,115.2797,115.6524,114.1886,114.5589,592872
2020-05-20,114.5589,116.5241,113.9162,115.874,926325
2020-05-21,115.874,116.3246,114.5515,114.9987,779748
2020-05-22,114.9987,117.35,114.2294,116.5702,1553852
2020-05-25,116.5702,117.7382,113.1345,114.2795,1984337
2020-05-26,114.2795,114.4727,114.2225,114.4157,110514
2020-05-27,114.4157,114.5203,114.3882,114.4928,61162
2020-05-28,114.4928,116.0571,109.9058,111.4282,2616169
2020-05-29,111.4282,114.2457,110.5066,113.3086,1477818
2020-06-01,113.3086,113.855,113.1341,113.68,292718
2020-06-02,113.68,113.6982,113.6762,113.6944,9981
2020-06-03,113.6944,117.2506,112.5325,116.0645,2194068
2020-06-04,116.0645,119.0868,115.076,118.0811,2057229
2020-06-05,118.0811,119.8851,112.8,114.55,2809640
2020-06-08,114.55,119.3803,112.9768,117.7629,2337789
2020-06-09,117.7629,118.1422,117.6443,118.0233,217572
2020-06-10,118.0233,121.1012,117.0166,120.077,1686324
2020-06-11,120.077,121.698,119.5477,121.1639,764553
2020-06-12,121.1639,121.2095,121.1565,121.2021,24839
2020-06-15,121.2021,122.1156,118.5118,119.4118,1589120
2020-06-16,119.4118,121.7236,118.6555,120.9575,1306841
2020-06-17,120.9575,122.5599,116.2567,117.8175,2800510
2020-06-18,117.8175,119.0236,114.2705,115.4523,1672199
2020-06-19,115.4523,115.9628,115.2899,115.7999,272091
2020-06-22,115.7999,117.1761,115.3511,116.7237,639723
2020-06-23,116.7237,123.4261,114.5522,121.1719,3329325
2020-06-24,121.1719,121.7932,119.3437,119.9588,917065
2020-06-25,119.9588,119.9705,119.947,119.9587,10084
2020-06-26,119.9587,120.1831,119.31,119.5337,307726
2020-06-29,119.5337,122.1637,118.6732,121.2906,1346182
2020-06-30,121.2906,122.7878,116.8947,118.3557,2860354
2020-07-01,118.3557,119.2474,118.067,118.9573,520255
2020-07-02,118.9573,119.3666,117.7578,118.1644,638041
2020-07-03,118.1644,119.162,115.2272,116.2083,1690487
2020-07-06,116.2083,118.1638,115.5689,117.5171,971777
2020-07-07,117.5171,118.6822,114.0898,115.2322,2157571
2020-07-08,115.2322,121.6796,113.1422,119.512,3132401
2020-07-09,119.512,119.9451,118.2417,118.6718,847421
2020-07-10,118.6718,119.8415,115.2306,116.3777,2234943
2020-07-13,116.3777,118.0595,115.8282,117.5047,867696
2020-07-14,117.5047,118.3508,117.2311,118.0759,433226
2020-07-15,118.0759,122.4145,116.6605,120.9644,2163398
2020-07-16,120.9644,124.4534,119.8239,123.291,2201618
2020-07-17,123.291,123.438,123.2499,123.3969,74491
2020-07-20,123.3969,127.1611,122.1668,125.906,2220928
2020-07-21,125.906,127.5726,121.017,122.6404,2850900
2020-07-22,122.6404,123.086,122.5,122.9452,277329
2020-07-23,122.9452,123.6699,120.8116,121.5279,1362109
2020-07-24,121.5279,125.9488,120.0855,124.4714,2513609
2020-07-27,124.4714,126.7901,123.7129,126.0221,1041226
2020-07-28,126.0221,126.7891,125.7753,126.5412,332736
2020-07-29,126.5412,126.9175,125.4412,125.8153,580982
2020-07-30,125.8153,126.0654,125.7401,125.9901,104438
2020-07-31,125.9901,126.697,123.9091,124.6083,1266807
2020-08-03,124.6083,128.6585,123.2854,127.307,2291961
2020-08-04,127.307,130.4879,126.2665,129.4301,1856497
2020-08-05,129.4301,130.3088,126.8423,127.7093,1603366
2020-08-06,127.7093,130.3954,119.8963,122.4723,4831613
2020-08-07,122.4723,124.9162,121.6727,124.106,1493153
2020-08-10,124.106,126.6753,123.2653,125.823,1486823
2020-08-11,125.823,129.3374,124.674,128.167,2039801
2020-08-12,128.167,131.669,127.0219,130.5031,1645401
2020-08-13,130.5031,130.5269,130.5017,130.5255,11556
2020-08-14,130.5255,130.8235,129.6593,129.956,378833
2020-08-17,129.956,131.0905,129.5877,130.72,520580
2020-08-18,130.72,134.0149,129.6423,132.919,1737878
2020-08-19,132.919,138.531,131.0912,136.6519,3100443
2020-08-20,136.6519,138.2184,132.0489,133.5802,2257502
2020-08-21,133.5802,134.5511,130.7209,131.678,1232387
2020-08-24,131.678,134.9399,130.611,133.8552,1645388
2020-08-25,133.8552,134.6907,131.3951,132.2203,1019582
2020-08-26,132.2203,132.9101,131.9994,132.6885,354438
2020-08-27,132.6885,133.7367,132.3488,133.3953,501984
2020-08-28,133.3953,135.5758,132.6823,134.855,906002
2020-08-31,134.855,138.3653,133.707,137.1973,1516530
2020-09-01,137.1973,137.4251,137.1303,137.358,98794
2020-09-02,137.358,137.6206,136.5986,136.8603,402982
2020-09-03,136.8603,138.759,131.2935,133.1407,2881403
2020-09-04,133.1407,138.5489,131.3784,136.7389,2181352
2020-09-07,136.7389,136.9285,136.1976,136.3867,249608
2020-09-08,136.3867,137.9887,131.6804,133.2456,2081496
2020-09-09,133.2456,133.9246,131.2477,131.92,943458
2020-09-10,131.92,133.1042,128.4343,129.5977,2062148
2020-09-11,129.5977,130.5231,129.2986,130.2226,538735
2020-09-14,130.2226,130.6828,128.8732,129.3303,723954
2020-09-15,129.3303,131.7848,128.5273,130.9716,1311618
2020-09-16,130.9716,131.1219,130.5468,130.6967,249830
2020-09-17,130.6967,134.1931,129.5534,133.0293,1850173
2020-09-18,133.0293,136.2675,131.97,135.191,1321759
2020-09-21,135.191,138.6927,134.0457,137.5276,1758585
2020-09-22,137.5276,138.4677,137.2241,138.1628,421203
2020-09-23,138.1628,138.2864,137.8191,137.9425,184467
2020-09-24,137.9425,138.7785,135.4808,136.3069,1120307
2020-09-25,136.3069,139.5431,135.2482,138.4676,1370953
2020-09-28,138.4676,140.3104,133.062,134.8567,3002148
2020-09-29,134.8567,135.6718,132.4566,133.2621,1259590
2020-09-30,133.2621,133.2858,133.2165,133.2403,30356
2020-10-01,133.2403,133.3603,132.9063,133.0262,140593
2020-10-02,133.0262,135.4777,132.2242,134.6658,1158155
2020-10-05,134.6658,135.0911,134.533,134.9579,176088
2020-10-06,134.9579,135.193,134.2804,134.5147,396717
2020-10-07,134.5147,137.5039,133.5366,136.5114,1573182
2020-10-08,136.5114,136.965,136.3692,136.8225,259264
2020-10-09,136.8225,137.176,136.7137,137.067,199074
2020-10-12,137.067,138.222,133.6665,134.8024,1424079
2020-10-13,134.8024,136.1413,130.8638,132.1766,1773598
2020-10-14,132.1766,133.1788,129.2251,130.2124,1697628
2020-10-15,130.2124,133.8463,129.0243,132.6361,1650478
2020-10-16,132.6361,133.6034,129.7873,130.7408,1324330
2020-10-19,130.7408,132.9573,130.0159,132.2242,956988
2020-10-20,132.2242,134.0902,131.6146,133.4749,881875
2020-10-21,133.4749,134.4166,133.1705,134.1108,546513
2020-10-22,134.1108,134.203,133.8605,133.9526,152056
2020-10-23,133.9526,137.5148,132.7876,136.3292,1922808
2020-10-26,136.3292,136.7127,135.2092,135.5906,583025
2020-10-27,135.5906,136.3776,133.2735,134.0516,1244570
2020-10-28,134.0516,139.4955,132.2776,137.6736,2390853
2020-10-29,137.6736,137.8432,137.192,137.3613,273208
2020-10-30,137.3613,138.0797,137.1312,137.8488,352070
2020-11-02,137.8488,139.1757,133.9448,135.2466,2102411
2020-11-03,135.2466,137.8173,134.4056,136.9656,1037549
2020-11-04,136.9656,137.0364,136.9508,137.0217,29927
2020-11-05,137.0217,137.3267,136.9289,137.2338,160493
2020-11-06,137.2338,138.2292,134.3023,135.2835,1654454
2020-11-09,135.2835,138.0248,134.3867,137.1158,1253010
2020-11-10,137.1158,137.7713,135.1877,135.8372,829414
2020-11-11,135.8372,136.4681,133.9819,134.6071,797110
2020-11-12,134.6071,137.5043,133.6592,136.5428,1364957
2020-11-13,136.5428,140.914,135.1149,139.4556,2512575
2020-11-16,139.4556,144.6555,137.7594,142.9172,2148023
2020-11-17,142.9172,142.9911,142.7232,142.7971,83669
2020-11-18,142.7971,143.9125,142.4358,143.5493,560946
2020-11-19,143.5493,146.7065,134.3764,137.3983,3817827
2020-11-20,137.3983,138.799,133.2787,134.6514,1929384
2020-11-23,134.6514,135.0222,133.5688,133.9376,467591
2020-11-24,133.9376,135.9187,128.135,130.0587,2647239
2020-11-25,130.0587,130.4741,128.8429,129.2557,685134
2020-11-26,129.2557,130.9845,124.1849,125.8684,2830959
2020-11-27,125.8684,127.8331,120.1185,122.0232,3270589
2020-11-30,122.0232,127.5351,120.2298,125.6877,2648556
2020-12-01,125.6877,126.4695,123.3858,124.158,1464897
2020-12-02,124.158,124.8452,122.1351,122.8149,1016498
2020-12-03,122.8149,127.592,121.2574,125.9942,2294048
2020-12-04,125.9942,126.066,125.9783,126.0502,41580
2020-12-07,126.0502,126.2737,125.9839,126.2073,110706
2020-12-08,126.2073,126.3728,125.736,125.9011,220459
2020-12-09,125.9011,127.9859,125.2193,127.2966,1085834
2020-12-10,127.2966,132.6282,125.5599,130.8431,2707150
2020-12-11,130.8431,134.3835,129.6854,133.2049,1904770
2020-12-14,133.2049,133.3209,132.8829,132.9988,188897
2020-12-15,132.9988,133.2271,132.3408,132.5685,394619
2020-12-16,132.5685,134.4983,131.9379,133.8615,992223
2020-12-17,133.8615,135.6856,133.2658,135.0845,897885
2020-12-18,135.0845,136.775,134.5328,136.2187,891888
